{
    "loss": 4.965188026428223,
    "accuracy": 0.5686274766921997
}