{
    "loss": 2.177194118499756,
    "accuracy": 0.4313725531101227
}